adresse,code_postal,ville,adrs
41 rue de Rome,13001,Marseille,41 rue de Rome
1 rue de la Palud,13001,Marseille,1 rue de la Palud
4 rue Pytheas,13001,Marseille,4 rue Pytheas
15 rue de la Fare,13001,Marseille,15 rue de la Fare
17 rue Moustier,13001,Marseille,17 rue Moustier
24 cours Lieutaud,13001,Marseille,24 cours Lieutaud
26 cours Lieutaud,13001,Marseille,26 cours Lieutaud
3 rue Francis de Pressensé,13001,Marseille,3 rue Francis de Pressensé
4 rue d'Aix,13001,Marseille,4 rue d'Aix
3 rue de la Palud,13001,Marseille,3 rue de la Palud
24 rue Rodolphe Pollak,13001,Marseille,24 rue Rodolphe Pollak
20 boulevard Garibaldi,13001,Marseille,20 boulevard Garibaldi
18 rue Jean Roque,13001,Marseille,18 rue Jean Roque
24 rue Vacon,13001,Marseille,24 rue Vacon
19 rue Nationale,13001,Marseille,19 rue Nationale
1 cours Jean Ballard,13001,Marseille,1 cours Jean Ballard
1 rue Lafayette,13001,Marseille,1 rue Lafayette
71 rue d'Aubagne,13001,Marseille,71 rue d'Aubagne
79 rue d'Aubagne,13001,Marseille,79 rue d'Aubagne
81 rue d'Aubagne,13001,Marseille,81 rue d'Aubagne
83 rue d'Aubagne,13001,Marseille,83 rue d'Aubagne
12 rue Chateauredon,13001,Marseille,12 rue Chateauredon
21 rue des Petites Maries,13001,Marseille,21 rue des Petites Maries
15 rue Saint-Bazile,13001,Marseille,15 rue Saint-Bazile
38 rue du Tapis Vert,13001,Marseille,38 rue du Tapis Vert
12a boulevard Dugommier,13001,Marseille,12a boulevard Dugommier
10 rue Glandèves / 22 rue Saint-Saëns,13001,Marseille,10 rue Glandèves
10 rue Glandèves / 22 rue Saint-Saëns,13001,Marseille,22 rue Saint-Saëns
9 rue de la Fare,13001,Marseille,9 rue de la Fare
25 rue des Dominicaines,13001,Marseille,25 rue des Dominicaines
25 boulevard de la Libération,13001,Marseille,25 boulevard de la Libération
76 rue nationale,13001,Marseille,76 rue nationale
1 Traverse Saint-Bazile,13001,Marseille,1 Traverse Saint-Bazile
20 rue des Petites Maries,13001,Marseille,20 rue des Petites Maries
29 rue Tapis Vert,13001,Marseille,29 rue Tapis Vert
"31, 33 rue Adolphe Thiers",13001,Marseille,"31, 33 rue Adolphe Thiers"
1 Bis Rue D'Isoard,13001,Marseille,1 Bis Rue D'Isoard
20 rue Chateauredon,13001,Marseille,20 rue Chateauredon
18 rue d'Aix,13001,Marseille,18 rue d'Aix
42 rue d'Aubagne,13001,Marseille,42 rue d'Aubagne
60 A rue d'Aubagne,13001,Marseille,60 A rue d'Aubagne
62 rue d'Aubagne,13001,Marseille,62 rue d'Aubagne
40 rue d'Aubagne,13001,Marseille,40 rue d'Aubagne
29 rue Adolphe Thiers,13001,Marseille,29 rue Adolphe Thiers
2 place du Marché des Capucins,13001,Marseille,2 place du Marché des Capucins
55 allées Léon Gambetta,13001,Marseille,55 allées Léon Gambetta
64 rue d'Aubagne,13001,Marseille,64 rue d'Aubagne
39-41-43 rue de la Palud / 1 Domaine VENTRE,13001,Marseille,39-41-43 rue de la Palud
39-41-43 rue de la Palud / 1 Domaine VENTRE,13001,Marseille,1 Domaine VENTRE
68 rue de Grignan,13001,Marseille,68 rue de Grignan
Immeuble 174 La Canebière / 2 rue Adolphe Thiers,13001,Marseille,Immeuble 174 La Canebière
Immeuble 174 La Canebière / 2 rue Adolphe Thiers,13001,Marseille,2 rue Adolphe Thiers
37 rue Thubaneau,13001,Marseille,37 rue Thubaneau
22 rue des Feuillants,13001,Marseille,22 rue des Feuillants
20 rue Corneille,13001,Marseille,20 rue Corneille
20 rue d'Anvers,13001,Marseille,20 rue d'Anvers
74 rue d'Aubagne,13001,Marseille,74 rue d'Aubagne
86 rue Longue des Capucins,13001,Marseille,86 rue Longue des Capucins
3 place du Marché des Capucins,13001,Marseille,3 place du Marché des Capucins
44 rue d'Aix,13001,Marseille,44 rue d'Aix
60 rue du Commandant Mages,13001,Marseille,60 rue du Commandant Mages
58 rue Sénac de Meilhan,13001,Marseille,58 rue Sénac de Meilhan
19/24 Domaine Ventre,13001,Marseille,19/24 Domaine Ventre
19 rue Glandèves,13001,Marseille,19 rue Glandèves
8 rue de Rome,13001,Marseille,8 rue de Rome
9 boulevard d'Athènes,13001,Marseille,9 boulevard d'Athènes
19 rue Longue des Capucins,13001,Marseille,19 rue Longue des Capucins
36 boulevard de la Libération,13001,Marseille,36 boulevard de la Libération
7 rue Rodolphe Pollak,13001,Marseille,7 rue Rodolphe Pollak
73 rue d'Aubagne,13001,Marseille,73 rue d'Aubagne
141 boulevard de la Libération,13001,Marseille,141 boulevard de la Libération
23 rue de la Palud,13001,Marseille,23 rue de la Palud
139 boulevard de la Libération,13001,Marseille,139 boulevard de la Libération
75 rue d'Aubagne,13001,Marseille,75 rue d'Aubagne
14 rue Poids de la Farine/11 rue Vincent Scotto,13001,Marseille,14 rue Poids de la Farine
14 rue Poids de la Farine/11 rue Vincent Scotto,13001,Marseille,11 rue Vincent Scotto
86 rue d'Aubagne,13001,Marseille,86 rue d'Aubagne
38-40 rue Flégier,13001,Marseille,38-40 rue Flégier
43 rue Curiol,13001,Marseille,43 rue Curiol
45 rue Curiol,13001,Marseille,45 rue Curiol
36 cours Franklin Roosevelt,13001,Marseille,36 cours Franklin Roosevelt
53 rue de Rome,13001,Marseille,53 rue de Rome
55/57 rue de Rome,13001,Marseille,55/57 rue de Rome
77 rue d'Aubagne,13001,Marseille,77 rue d'Aubagne
29 rue des Dominicaines,13001,Marseille,29 rue des Dominicaines
75 rue Longue des Capucins / 16 rue de la Fare,13001,Marseille,75 rue Longue des Capucins
75 rue Longue des Capucins / 16 rue de la Fare,13001,Marseille,16 rue de la Fare
77 la Canebière,13001,Marseille,77 la Canebière
8 rue Jemmapes,13001,Marseille,8 rue Jemmapes
13 rue d'Aubagne,13001,Marseille,13 rue d'Aubagne
57-59 rue des Petites Maries,13001,Marseille,57-59 rue des Petites Maries
81-83 rue Curiol,13001,Marseille,81-83 rue Curiol
6 rue Jean Roque,13001,Marseille,6 rue Jean Roque
71 rue de Rome,13001,Marseille,71 rue de Rome
67 rue d'Aubagne,13001,Marseille,67 rue d'Aubagne
10 rue Jean Roque,13001,Marseille,10 rue Jean Roque
10 boulevard de la Liberté / 20 rue Lafayette,13001,Marseille,10 boulevard de la Liberté
10 boulevard de la Liberté / 20 rue Lafayette,13001,Marseille,20 rue Lafayette
4 rue des Feuillants,13001,Marseille,4 rue des Feuillants
10 place Jean Jaurès,13001,Marseille,10 place Jean Jaurès
36 rue Curiol,13001,Marseille,36 rue Curiol
22 rue du Tapis Vert,13001,Marseille,22 rue du Tapis Vert
4 rue Jean Roque,13001,Marseille,4 rue Jean Roque
11 rue du Loisir,13001,Marseille,11 rue du Loisir
16 rue Guibal,13001,Marseille,16 rue Guibal
14 cours Saint-Louis / 2 rue de Rome / 2 rue Rouget de l'Isle,13001,Marseille,14 cours Saint-Louis
14 cours Saint-Louis / 2 rue de Rome / 2 rue Rouget de l'Isle,13001,Marseille,2 rue de Rome
14 cours Saint-Louis / 2 rue de Rome / 2 rue Rouget de l'Isle,13001,Marseille,2 rue Rouget de l'Isle
10 rue Corneille,13001,Marseille,10 rue Corneille
40 rue Sainte-Bazile,13001,Marseille,40 rue Sainte-Bazile
12 boulevard de la Liberté,13001,Marseille,12 boulevard de la Liberté
14 rue Chateauredon,13001,Marseille,14 rue Chateauredon
57 rue d'Aubagne,13001,Marseille,57 rue d'Aubagne
9 rue Nationale,13001,Marseille,9 rue Nationale
30 rue d'Aix,13001,Marseille,30 rue d'Aix
3 rue Vacon / 1 rue Halle Delacroix,13001,Marseille,3 rue Vacon
3 rue Vacon / 1 rue Halle Delacroix,13001,Marseille,1 rue Halle Delacroix
15 rue du Musée,13001,Marseille,15 rue du Musée
55 rue d'Aubagne,13001,Marseille,55 rue d'Aubagne
41 rue Adolphe Thiers,13001,Marseille,41 rue Adolphe Thiers
39 rue Adolphe Thiers,13001,Marseille,39 rue Adolphe Thiers
31 rue Chateauredon,13001,Marseille,31 rue Chateauredon
10 rue d'Aubagne,13001,Marseille,10 rue d'Aubagne
3 rue Vacon,13001,Marseille,3 rue Vacon
26 boulevard de la Libération,13001,Marseille,26 boulevard de la Libération
28 boulevard de la Libération,13001,Marseille,28 boulevard de la Libération
46 / 48 rue Tapis vert : 46 rue du tapis vert,13001,Marseille,46 / 48 rue Tapis vert : 46 rue du tapis vert
24 rue de la Bibliothèque,13001,Marseille,24 rue de la Bibliothèque
40 rue de la Bibliothèque,13001,Marseille,40 rue de la Bibliothèque
47 rue de la Palud,13001,Marseille,47 rue de la Palud
4 rue de la Palud et 27 rue de Rome,13001,Marseille,4 rue de la Palud et 27 rue de Rome
19 rue Espérandieu,13001,Marseille,19 rue Espérandieu
29 allées Léon Gambetta,13001,Marseille,29 allées Léon Gambetta
8 rue des Recolettes,13001,Marseille,8 rue des Recolettes
39 rue du Tapis Vert,13001,Marseille,39 rue du Tapis Vert
12-14 rue de Beaumont,13001,Marseille,12-14 rue de Beaumont
73 allées Léon Gambetta,13001,Marseille,73 allées Léon Gambetta
22 rue Guibal,13001,Marseille,22 rue Guibal
95 rue d'Aubagne / 50 cours Lieutaud,13001,Marseille,95 rue d'Aubagne
95 rue d'Aubagne / 50 cours Lieutaud,13001,Marseille,50 cours Lieutaud
45 boulevard de la Liberté,13001,Marseille,45 boulevard de la Liberté
79 La Canebière,13001,Marseille,79 La Canebière
33 rue Mazenod,13002,Marseille,33 rue Mazenod
9 rue Michel Salvarelli,13002,Marseille,9 rue Michel Salvarelli
115 rue de l’Évêché,13002,Marseille,115 rue de l’Évêché
37 rue Montolieu,13002,Marseille,37 rue Montolieu
7 rue de Saint-Antoine,13002,Marseille,7 rue de Saint-Antoine
43 rue de Montolieu,13002,Marseille,43 rue de Montolieu
19 bis Quai de la Joliette,13002,Marseille,19 bis Quai de la Joliette
22/26 rue de la Joliette,13002,Marseille,22/26 rue de la Joliette
48 rue Montolieu,13002,Marseille,48 rue Montolieu
32 rue Sainte Françoise / 21 rue des Repenties,13002,Marseille,32 rue Sainte Françoise
32 rue Sainte Françoise / 21 rue des Repenties,13002,Marseille,21 rue des Repenties
2 rue Baussenque,13002,Marseille,2 rue Baussenque
71 rue Château Joly,13002,Marseille,71 rue Château Joly
26 montée des Accoules,13002,Marseille,26 montée des Accoules
30 montée des Accoules,13002,Marseille,30 montée des Accoules
23 boulevard des Dames,13002,Marseille,23 boulevard des Dames
46 rue Caisserie,13002,Marseille,46 rue Caisserie
37 rue Pierre Albrand,13002,Marseille,37 rue Pierre Albrand
31 avenue Robert Schumann,13002,Marseille,31 avenue Robert Schumann
4 rue porte Baussenque,13002,Marseille,4 rue porte Baussenque
10 rue Felix Eboué,13002,Marseille,10 rue Felix Eboué
49 rue Pierre Albran,13002,Marseille,49 rue Pierre Albran
4 rue de la Butte,13002,Marseille,4 rue de la Butte
6 rue de la Butte,13002,Marseille,6 rue de la Butte
8 rue de la Butte,13002,Marseille,8 rue de la Butte
35 rue Montolieu,13002,Marseille,35 rue Montolieu
15 Fontaine de Caylus,13002,Marseille,15 Fontaine de Caylus
123/123B rue de l'Évéché,13002,Marseille,123/123B rue de l'Évéché
61 rue du Bon Pasteur,13002,Marseille,61 rue du Bon Pasteur
17-19 rue Fontaine de Caylus / 10 rue Baussenque,13002,Marseille,17-19 rue Fontaine de Caylus
17-19 rue Fontaine de Caylus / 10 rue Baussenque,13002,Marseille,10 rue Baussenque
10A rue Baussenque,13002,Marseille,10A rue Baussenque
31 rue Duverger,13002,Marseille,31 rue Duverger
1/3 rue de la Cathédrale,13002,Marseille,1/3 rue de la Cathédrale
30 rue du Bon Pasteur,13002,Marseille,30 rue du Bon Pasteur
9 Montée des Accoules / 16 rue Caisserie,13002,Marseille,9 Montée des Accoules
9 Montée des Accoules / 16 rue Caisserie,13002,Marseille,16 rue Caisserie
27 rue du Bon Pasteur,13002,Marseille,27 rue du Bon Pasteur
18 rue fontaine des vents,13002,Marseille,18 rue fontaine des vents
2 rue de Beaussenque,13002,Marseille,2 rue de Beaussenque
8 rue Guintrand,13002,Marseille,8 rue Guintrand
2 rue Poirier,13002,Marseille,2 rue Poirier
20 rue Miradou,13002,Marseille,20 rue Miradou
23bis Quai de la Joliette,13002,Marseille,23bis Quai de la Joliette
9 rue de la Joliette,13002,Marseille,9 rue de la Joliette
15 rue de la Joliette,13002,Marseille,15 rue de la Joliette
11 rue de la Joliette,13002,Marseille,11 rue de la Joliette
3 rue Hoche,13003,Marseille,3 rue Hoche
107 rue Kléber Prolongée,13003,Marseille,107 rue Kléber Prolongée
109 rue Kléber Prolongée,13003,Marseille,109 rue Kléber Prolongée
39 rue François Barbini,13003,Marseille,39 rue François Barbini
12 rue Guichard,13003,Marseille,12 rue Guichard
24 rue du jet d'eau,13003,Marseille,24 rue du jet d'eau
91 boulevard de Strasbourg,13003,Marseille,91 boulevard de Strasbourg
44 rue Toussaint,13003,Marseille,44 rue Toussaint
18 rue de Séry,13003,Marseille,18 rue de Séry
4 place de Strasbourg,13003,Marseille,4 place de Strasbourg
22 rue Toussaint,13003,Marseille,22 rue Toussaint
42bis rue François Barbini,13003,Marseille,42bis rue François Barbini
18 rue Danton,13003,Marseille,18 rue Danton
6 rue Gautier,13003,Marseille,6 rue Gautier
68 rue Clovis Hugues,13003,Marseille,68 rue Clovis Hugues
11 boulevard Battala,13003,Marseille,11 boulevard Battala
5 rue Caussemille,13003,Marseille,5 rue Caussemille
16 rue Toussaint,13003,Marseille,16 rue Toussaint
49 rue Clovis Hugues,13003,Marseille,49 rue Clovis Hugues
7 boulevard de Briançon,13003,Marseille,7 boulevard de Briançon
33 rue Clovis Hugues,13003,Marseille,33 rue Clovis Hugues
29 rue Francois Barbini,13003,Marseille,29 rue Francois Barbini
8 place de Strasbourg Paul Cermolacce,13003,Marseille,8 place de Strasbourg Paul Cermolacce
73 rue Clovis Hugues,13003,Marseille,73 rue Clovis Hugues
79 rue Clovis Hugues,13003,Marseille,79 rue Clovis Hugues
4bis impasse du Prophète,13003,Marseille,4bis impasse du Prophète
10 rue Jouven,13003,Marseille,10 rue Jouven
81 rue Roger Salengro,13003,Marseille,81 rue Roger Salengro
26 boulevard Battala,13003,Marseille,26 boulevard Battala
354/356 boulevard National / 15 rue Jouven,13003,Marseille,354/356 boulevard National
354/356 boulevard National / 15 rue Jouven,13003,Marseille,15 rue Jouven
22 impasse Junot,13003,Marseille,22 impasse Junot
116 avenue Camille Pelletan,13003,Marseille,116 avenue Camille Pelletan
25 rue de Crimée / 17 rue Gustave Desplaces,13003,Marseille,25 rue de Crimée
25 rue de Crimée / 17 rue Gustave Desplaces,13003,Marseille,17 rue Gustave Desplaces
7 avenue Alphée Cartier,13003,Marseille,7 avenue Alphée Cartier
4 rue Dessaix,13003,Marseille,4 rue Dessaix
118 avenue Camille Pelletan,13003,Marseille,118 avenue Camille Pelletan
114 avenue Camille Pelletan,13003,Marseille,114 avenue Camille Pelletan
67 rue Levat,13003,Marseille,67 rue Levat
1 rue Mathieu Stilatti,13003,Marseille,1 rue Mathieu Stilatti
19 rue Clovis Hugues,13003,Marseille,19 rue Clovis Hugues
"5 Bis, impasse de l'Ouest",13003,Marseille,"5 Bis, impasse de l'Ouest"
24 rue Hoche,13003,Marseille,24 rue Hoche
152 avenue Roger Salengro,13003,Marseille,152 avenue Roger Salengro
158 avenue Roger Salengro,13003,Marseille,158 avenue Roger Salengro
107 rue Kléber Prolongée / 84 rue Hoche,13003,Marseille,107 rue Kléber Prolongée
107 rue Kléber Prolongée / 84 rue Hoche,13003,Marseille,84 rue Hoche
58 boulevard Guigou,13003,Marseille,58 boulevard Guigou
6 rue Lautard,13003,Marseille,6 rue Lautard
21 rue Clovis Hugues / Impasse bleue,13003,Marseille,21 rue Clovis Hugues / Impasse bleue
6 rue Desaix,13003,Marseille,6 rue Desaix
38 rue Barsotti,13003,Marseille,38 rue Barsotti
131 rue Belle-de-Mai / 154 rue Loubon,13003,Marseille,131 rue Belle-de-Mai
131 rue Belle-de-Mai / 154 rue Loubon,13003,Marseille,154 rue Loubon
52 avenue Camille Pelletan,13003,Marseille,52 avenue Camille Pelletan
212 boulevard National,13003,Marseille,212 boulevard National
15 rue du Jet d'eau,13003,Marseille,15 rue du Jet d'eau
12 rue Caravelle,13003,Marseille,12 rue Caravelle
41 rue François Barbini,13003,Marseille,41 rue François Barbini
5 rue Fortuné Jourdan,13003,Marseille,5 rue Fortuné Jourdan
4 rue Eugène Pottier,13003,Marseille,4 rue Eugène Pottier
44 rue Barsotti,13003,Marseille,44 rue Barsotti
37 rue Mathieu Stilatti,13003,Marseille,37 rue Mathieu Stilatti
9 rue Bernard,13003,Marseille,9 rue Bernard
71 rue Clovis Hugues,13003,Marseille,71 rue Clovis Hugues
27 boulevard Allemand,13003,Marseille,27 boulevard Allemand
65 rue Loubon,13003,Marseille,65 rue Loubon
58 rue Jean Cristofol,13003,Marseille,58 rue Jean Cristofol
7 boulevard Battala,13003,Marseille,7 boulevard Battala
9 boulevard Battala,13003,Marseille,9 boulevard Battala
28 boulevard Leccia,13003,Marseille,28 boulevard Leccia
36/38 rue d'Orange,13003,Marseille,36/38 rue d'Orange
1 rue Mathieu Stilatti / 57 boulevard de Strasbourg,13003,Marseille,1 rue Mathieu Stilatti
1 rue Mathieu Stilatti / 57 boulevard de Strasbourg,13003,Marseille,57 boulevard de Strasbourg
11 rue Clovis Hugues,13003,Marseille,11 rue Clovis Hugues
20 rue Bernard,13003,Marseille,20 rue Bernard
26 rue Belle-de-Mai,13003,Marseille,26 rue Belle-de-Mai
20 rue Jouven,13003,Marseille,20 rue Jouven
20 rue du Jet d'eau,13003,Marseille,20 rue du Jet d'eau
22 rue Jouven,13003,Marseille,22 rue Jouven
57 rue Félix Pyat,13003,Marseille,57 rue Félix Pyat
59 rue Félix Pyat,13003,Marseille,59 rue Félix Pyat
7 rue Eugène Pottier,13003,Marseille,7 rue Eugène Pottier
43 rue François Barbini,13003,Marseille,43 rue François Barbini
24 boulevard Leccia,13003,Marseille,24 boulevard Leccia
9 rue Clovis Hugues,13003,Marseille,9 rue Clovis Hugues
11 rue Kléber,13003,Marseille,11 rue Kléber
9 rue François Barbini,13003,Marseille,9 rue François Barbini
52 rue François Barbini,13003,Marseille,52 rue François Barbini
22 rue de Séry,13003,Marseille,22 rue de Séry
103 avenue Roger Salengro,13003,Marseille,103 avenue Roger Salengro
8 rue Chanterac,13003,Marseille,8 rue Chanterac
7 traverse Sainte-Marie,13003,Marseille,7 traverse Sainte-Marie
9 traverse Sainte-Marie Arrtêté de péril ordinaire du 18/12/2020,13003,Marseille,9 traverse Sainte-Marie Arrtêté de péril ordinaire du 18/12/2020
10 traverse Sainte-Marie,13003,Marseille,10 traverse Sainte-Marie
10/12 + 7B traverse Sainte-Marie,13003,Marseille,10/12 + 7B traverse Sainte-Marie
2 rue Lucien Rolmer,13003,Marseille,2 rue Lucien Rolmer
128 rue Loubon,13003,Marseille,128 rue Loubon
6 rue des Industrieux,13003,Marseille,6 rue des Industrieux
10 rue de Marathon,13003,Marseille,10 rue de Marathon
60 rue du Génie,13003,Marseille,60 rue du Génie
33 rue Danton,13003,Marseille,33 rue Danton
47 rue Cavaignac,13003,Marseille,47 rue Cavaignac
52 rue Belle de Mai,13003,Marseille,52 rue Belle de Mai
41 rue Fortuné Jourdan,13003,Marseille,41 rue Fortuné Jourdan
29 rue Davin,13004,Marseille,29 rue Davin
38 boulevard Philippon,13004,Marseille,38 boulevard Philippon
42 avenue des Chartreux,13004,Marseille,42 avenue des Chartreux
115 boulevard de la Blancarde,13004,Marseille,115 boulevard de la Blancarde
32 avenue de Saint-Just,13004,Marseille,32 avenue de Saint-Just
102 boulevard de la Libération,13004,Marseille,102 boulevard de la Libération
197 boulevard de la Libération / Angle Espérandieu,13004,Marseille,197 boulevard de la Libération / Angle Espérandieu
57 boulevard Dahdah,13004,Marseille,57 boulevard Dahdah
19 boulevard du Colonel Robert Rossi,13004,Marseille,19 boulevard du Colonel Robert Rossi
89 rue Pautrier,13004,Marseille,89 rue Pautrier
100/102 avenue des Chartreux,13004,Marseille,100/102 avenue des Chartreux
21 rue d'Anvers,13004,Marseille,21 rue d'Anvers
8-10 impasse Croix de Régnier,13004,Marseille,8-10 impasse Croix de Régnier
132 boulevard Françoise Duparc / 15-21 avenue Montolivet,13004,Marseille,132 boulevard Françoise Duparc
132 boulevard Françoise Duparc / 15-21 avenue Montolivet,13004,Marseille,15-21 avenue Montolivet
149 boulevard Françoise Duparc,13004,Marseille,149 boulevard Françoise Duparc
51 boulevard Dahdah,13004,Marseille,51 boulevard Dahdah
6A impasse Croix de Régnier,13004,Marseille,6A impasse Croix de Régnier
36 boulevard Boisson,13004,Marseille,36 boulevard Boisson
60 rue Roquebrune,13004,Marseille,60 rue Roquebrune
47 rue Saint-Pierre,13005,Marseille,47 rue Saint-Pierre
49 rue Saint-Pierre,13005,Marseille,49 rue Saint-Pierre
40 rue de Bruys,13005,Marseille,40 rue de Bruys
42 rue de Bruys,13005,Marseille,42 rue de Bruys
4 rue du docteur Laennec,13005,Marseille,4 rue du docteur Laennec
42bis rue Ferrari,13005,Marseille,42bis rue Ferrari
6 boulevard Frangin,13005,Marseille,6 boulevard Frangin
15 rue Michel Mérino,13005,Marseille,15 rue Michel Mérino
102 boulevard Baille,13005,Marseille,102 boulevard Baille
40 rue de l'Olivier,13005,Marseille,40 rue de l'Olivier
62 rue Sainte-Cécile,13005,Marseille,62 rue Sainte-Cécile
9 rue Louis Astruc,13005,Marseille,9 rue Louis Astruc
9 rue Sainte Marie,13005,Marseille,9 rue Sainte Marie
73 rue de la Loubière,13005,Marseille,73 rue de la Loubière
62 rue Saint-Pierre,13005,Marseille,62 rue Saint-Pierre
44 rue Saint-Pierre,13005,Marseille,44 rue Saint-Pierre
8 rue du Capitaine Galinat,13005,Marseille,8 rue du Capitaine Galinat
8 rue Fortin,13005,Marseille,8 rue Fortin
72 rue Saint-Pierre,13005,Marseille,72 rue Saint-Pierre
32/34 rue Vitalis,13005,Marseille,32/34 rue Vitalis
21 rue du Portail,13005,Marseille,21 rue du Portail
146 rue du Camas,13005,Marseille,146 rue du Camas
132 boulevard Baille,13005,Marseille,132 boulevard Baille
24 rue de l'Eglise Saint Michel,13005,Marseille,24 rue de l'Eglise Saint Michel
35 rue de Lodi,13006,Marseille,35 rue de Lodi
65 rue Nau,13005,Marseille,65 rue Nau
71 rue de la Loubière,13005,Marseille,71 rue de la Loubière
12 rue Château du Mûrier,13005,Marseille,12 rue Château du Mûrier
87 rue Saint-Savournin,13005,Marseille,87 rue Saint-Savournin
45 place Jean Jaurès,13005,Marseille,45 place Jean Jaurès
33 boulevard Eugène Pierre,13005,Marseille,33 boulevard Eugène Pierre
83 rue Terrusse,13005,Marseille,83 rue Terrusse
43 place Jean Jaurès,13005,Marseille,43 place Jean Jaurès
37 rue Fernand Pauriol,13005,Marseille,37 rue Fernand Pauriol
35 rue Fernand Pauriol,13005,Marseille,35 rue Fernand Pauriol
3 rue Horace Bertin,13005,Marseille,3 rue Horace Bertin
27 rue Saint-Pierre,13005,Marseille,27 rue Saint-Pierre
162 rue Saint-Pierre,13005,Marseille,162 rue Saint-Pierre
275 rue Saint-Pierre,13005,Marseille,275 rue Saint-Pierre
7 rue de Bruys,13005,Marseille,7 rue de Bruys
7 rue du Portail,13005,Marseille,7 rue du Portail
4 rue de l'Olivier,13005,Marseille,4 rue de l'Olivier
28 rue Melchion - Main-levée du 06/10/2020,13005,Marseille,28 rue Melchion - Main-levée du 06/10/2020
4bis rue Ferrari  –,13005,Marseille,4bis rue Ferrari  –
24 rue de l'église Saint-Michel,13005,Marseille,24 rue de l'église Saint-Michel
58 rue Saint-Pierre,13005,Marseille,58 rue Saint-Pierre
161 boulevard Baille,13005,Marseille,161 boulevard Baille
29 cours Lieutaud,13006,Marseille,29 cours Lieutaud
7 rue du Village,13006,Marseille,7 rue du Village
9 rue du Village,13006,Marseille,9 rue du Village
6/6A rue des Tartares et 13 rue des Amoureux,13006,Marseille,6/6A rue des Tartares et 13 rue des Amoureux
64 cours Julien,13006,Marseille,64 cours Julien
29 rue Saint Suffren,13006,Marseille,29 rue Saint Suffren
88 cours Gouffé,13006,Marseille,88 cours Gouffé
24 rue Pierre Dupré,13006,Marseille,24 rue Pierre Dupré
26 rue de Guinée,13006,Marseille,26 rue de Guinée
1 rue Lafon,13006,Marseille,1 rue Lafon
62 cours Julien,13006,Marseille,62 cours Julien
83 rue Marengo,13006,Marseille,83 rue Marengo
53 rue des Trois Frères Barthélemy,13006,Marseille,53 rue des Trois Frères Barthélemy
19 rue d'Italie,13006,Marseille,19 rue d'Italie
27 rue Bonnefoy,13006,Marseille,27 rue Bonnefoy
5 rue du Village,13006,Marseille,5 rue du Village
43 rue du docteur Jean Fiolle,13006,Marseille,43 rue du docteur Jean Fiolle
139 Cours Lieutaud,13006,Marseille,139 Cours Lieutaud
6 rue André Poggioli,13006,Marseille,6 rue André Poggioli
36 rue Jean Roque,13006,Marseille,36 rue Jean Roque
49 rue des Bons Enfants,13006,Marseille,49 rue des Bons Enfants
10 Cours Julien,13006,Marseille,10 Cours Julien
34 rue Jean Roque,13006,Marseille,34 rue Jean Roque
40 rue Jean Roque,13006,Marseille,40 rue Jean Roque
4 rue Saint-Pierre,13006,Marseille,4 rue Saint-Pierre
138 rue de Rome,13006,Marseille,138 rue de Rome
80 rue Perrin Solliers,13006,Marseille,80 rue Perrin Solliers
12 rue des Vignerons,13006,Marseille,12 rue des Vignerons
10 rue des Bons Enfants,13006,Marseille,10 rue des Bons Enfants
56 rue de la Loubière,13006,Marseille,56 rue de la Loubière
81 rue d'Italie,13006,Marseille,81 rue d'Italie
32 rue Fongate,13006,Marseille,32 rue Fongate
18 rue Berlioz,13006,Marseille,18 rue Berlioz
87 rue de Rome,13006,Marseille,87 rue de Rome
29 rue d'italie,13006,Marseille,29 rue d'italie
29 rue Nau,13006,Marseille,29 rue Nau
27 rue Nau,13006,Marseille,27 rue Nau
85 rue de la Palud,13006,Marseille,85 rue de la Palud
75 rue de Rome / 64 rue de la Palud,13006,Marseille,75 rue de Rome
75 rue de Rome / 64 rue de la Palud,13006,Marseille,64 rue de la Palud
31 rue Nau,13006,Marseille,31 rue Nau
59 place Jean Jaurès,13006,Marseille,59 place Jean Jaurès
61 place Jean Jaurès,13006,Marseille,61 place Jean Jaurès
15 rue de Loubière,13006,Marseille,15 rue de Loubière
129 rue d'Aubagne,13006,Marseille,129 rue d'Aubagne
34 rue Falque,13006,Marseille,34 rue Falque
7 rue André Poggioli,13006,Marseille,7 rue André Poggioli
2 rue Nau,13006,Marseille,2 rue Nau
11 rue de Village,13006,Marseille,11 rue de Village
38 rue du Docteur Escat,13006,Marseille,38 rue du Docteur Escat
53 rue Fongate,13006,Marseille,53 rue Fongate
16 rue de Bruys,13005,Marseille,16 rue de Bruys
55 rue Fongate,13006,Marseille,55 rue Fongate
26 cours Julien,13006,Marseille,26 cours Julien
20 place Notre-Dame du Mont,13006,Marseille,20 place Notre-Dame du Mont
215 rue Rome,13006,Marseille,215 rue Rome
99 rue Tilsit,13006,Marseille,99 rue Tilsit
41 rue des Bons Enfants,13006,Marseille,41 rue des Bons Enfants
28 rue des Trois Rois,13006,Marseille,28 rue des Trois Rois
15 rue Pastoret,13006,Marseille,15 rue Pastoret
118 cours Lieutaud,13006,Marseille,118 cours Lieutaud
90 rue Edmond Rostand,13006,Marseille,90 rue Edmond Rostand
24 place ND-du-Mont,13006,Marseille,24 place ND-du-Mont
49 boulevard Baille,13006,Marseille,49 boulevard Baille
7 rue des Trois Rois,13006,Marseille,7 rue des Trois Rois
6 rue Crudère (immeuble sur rue),13006,Marseille,6 rue Crudère (immeuble sur rue)
6 rue Crudère (fond de cour),13006,Marseille,6 rue Crudère (fond de cour)
7 boulevard Louis Salvator,13006,Marseille,7 boulevard Louis Salvator
10 rue des Vignerons,13006,Marseille,10 rue des Vignerons
56 rue Sylvabelle,13006,Marseille,56 rue Sylvabelle
47 rue Docteur François Morucci,13006,Marseille,47 rue Docteur François Morucci
2 chemin du Pont,13007,Marseille,2 chemin du Pont
4 chemin du Pont,13007,Marseille,4 chemin du Pont
39/41 rue d'Endoume,13007,Marseille,39/41 rue d'Endoume
41 rue d'Endoume,13007,Marseille,41 rue d'Endoume
2 rue Durand / 24 rue Chateaubriand,13007,Marseille,2 rue Durand
2 rue Durand / 24 rue Chateaubriand,13007,Marseille,24 rue Chateaubriand
254 rue d'Endoume,13007,Marseille,254 rue d'Endoume
7 rue du Pont,13007,Marseille,7 rue du Pont
10 avenue David Dellepiane,13007,Marseille,10 avenue David Dellepiane
13 avenue de la Corse,13007,Marseille,13 avenue de la Corse
43-45 rue Michel Gachet,13007,Marseille,43-45 rue Michel Gachet
2/4 montée du Plateau,13007,Marseille,2/4 montée du Plateau
3 impasse Henri,13007,Marseille,3 impasse Henri
97 avenue de la Corse,13007,Marseille,97 avenue de la Corse
16 rue Baptistin Fouquet,13007,Marseille,16 rue Baptistin Fouquet
1-3 boulevard de la Corderie,13007,Marseille,1-3 boulevard de la Corderie
2 rue Papéty,13007,Marseille,2 rue Papéty
14/16 rue des Pêcheurs,13007,Marseille,14/16 rue des Pêcheurs
8 rue de Crinas,13007,Marseille,8 rue de Crinas
102 rue Sainte,13007,Marseille,102 rue Sainte
61 rue d'Endoume,13007,Marseille,61 rue d'Endoume
301 Corniche Kennedy et Traverse de la Pey,13007,Marseille,301 Corniche Kennedy et Traverse de la Pey
1 rue Chaix,13007,Marseille,1 rue Chaix
43 rue Chateaubriand,13007,Marseille,43 rue Chateaubriand
26 rue Sainte,13007,Marseille,26 rue Sainte
"5, rue Ernest Duchesne",13007,Marseille,"5, rue Ernest Duchesne"
1 rue Antoine Perrin,13007,Marseille,1 rue Antoine Perrin
94 rue d'Endoume,13007,Marseille,94 rue d'Endoume
96 rue d'Endoume,13007,Marseille,96 rue d'Endoume
2 traverse de la Marbrerie,13008,Marseille,2 traverse de la Marbrerie
164 avenue de la Madrague,13008,Marseille,164 avenue de la Madrague
58 boulevard Piot,13008,Marseille,58 boulevard Piot
186 avenue de la Madrague de Montredon,13008,Marseille,186 avenue de la Madrague de Montredon
54/56 rue Borde,13008,Marseille,54/56 rue Borde
10/12/14 boulevard Alexandre Delabre,13008,Marseille,10/12/14 boulevard Alexandre Delabre
4-6-8 Rue Copello,13008,Marseille,4-6-8 Rue Copello
53 rue Roger Renzo,13008,Marseille,53 rue Roger Renzo
23 Boulevard de Vaisseau,13009,Marseille,23 Boulevard de Vaisseau
218/232 route Léon Lachamp,13009,Marseille,218/232 route Léon Lachamp
1 traverse de la Juliette,13010,Marseille,1 traverse de la Juliette
13 rue Antoine Del Bello,13010,Marseille,13 rue Antoine Del Bello
197 avenue de la Capelette,13010,Marseille,197 avenue de la Capelette
CASERNE MDC LUCIEN DONADIEU,13010,Marseille,CASERNE MDC LUCIEN DONADIEU
97 rue Antoine Del Bello,13010,Marseille,97 rue Antoine Del Bello
289 avenue de la Capelette,13010,Marseille,289 avenue de la Capelette
9 rue Antoine Blanc,13010,Marseille,9 rue Antoine Blanc
297 avenue de la Capelette,13010,Marseille,297 avenue de la Capelette
21 boulevard Ludovic Prolongé,13010,Marseille,21 boulevard Ludovic Prolongé
301 avenue de la Capelette,13010,Marseille,301 avenue de la Capelette
54 boulevard Saint-Loup,13010,Marseille,54 boulevard Saint-Loup
72 boulevard de Saint-Loup,13010,Marseille,72 boulevard de Saint-Loup
37 boulevard Gilly,13010,Marseille,37 boulevard Gilly
83 rue Antoine del Bello / 8 impasse Palazzo,13010,Marseille,83 rue Antoine del Bello
83 rue Antoine del Bello / 8 impasse Palazzo,13010,Marseille,8 impasse Palazzo
45 chemin de la Valbarelle à Saint Marcel,13010,Marseille,45 chemin de la Valbarelle à Saint Marcel
16 rue d'Alby,13010,Marseille,16 rue d'Alby
55 rue Liandier,13010,Marseille,55 rue Liandier
49 route de la Valentine,13011,Marseille,49 route de la Valentine
"Allée de la Rouguière, Boulevard de la Cartonnerie",13011,Marseille,"Allée de la Rouguière, Boulevard de la Cartonnerie"
11 bld Pierre Ménard,13011,Marseille,11 bld Pierre Ménard
12-14 rue des Rimas,13011,Marseille,12-14 rue des Rimas
33 rue des Myosotis et chemin des Campabules,13011,Marseille,33 rue des Myosotis et chemin des Campabules
305 boulevard de Saint-Marcel,13011,Marseille,305 boulevard de Saint-Marcel
535 rue Saint-Pierre,13012,Marseille,535 rue Saint-Pierre
42 traverse des Polytres,13013,Marseille,42 traverse des Polytres
57 chemin des Martégaux,13013,Marseille,57 chemin des Martégaux
7 boulevard Lacordaire,13013,Marseille,7 boulevard Lacordaire
4/6 rue Saint-Georges,13013,Marseille,4/6 rue Saint-Georges
4 impasse Montcault,13013,Marseille,4 impasse Montcault
2 impasse Montcault,13013,Marseille,2 impasse Montcault
9 rue Bremond,13013,Marseille,9 rue Bremond
59 avenue de Saint Just,13013,Marseille,59 avenue de Saint Just
Bâtiments F - G - I - J - PARC DU PETIT SÉMINAIRE - TRAVERSE KADDOUZ - RUE DE LA MAURELLE,13013,Marseille,Bâtiments F - G - I - J - PARC DU PETIT SÉMINAIRE - TRAVERSE KADDOUZ - RUE DE LA MAURELLE
4/6 Saint-Georges,13013,Marseille,4/6 Saint-Georges
60 traverse Notre Dame de Bon Secours,13014,Marseille,60 traverse Notre Dame de Bon Secours
20-20bis et 22 Boulevard Giraud,13014,Marseille,20-20bis et 22 Boulevard Giraud
4 boulevard Louis Guichoux,13014,Marseille,4 boulevard Louis Guichoux
86 boulevard Casanova,13014,Marseille,86 boulevard Casanova
7 traverse du Commandant,13014,Marseille,7 traverse du Commandant
66 chemin de Sainte-Marthe,13014,Marseille,66 chemin de Sainte-Marthe
30 boulevard de la Station,13014,Marseille,30 boulevard de la Station
Mur rue de la Javie,13014,Marseille,Mur rue de la Javie
4 rue Saint-André,13014,Marseille,4 rue Saint-André
57 rue Merlino,13014,Marseille,57 rue Merlino
17 boulevard Christophe Moncada,13015,Marseille,17 boulevard Christophe Moncada
193 boulevard Simon Bolivard,13015,Marseille,193 boulevard Simon Bolivard
17 rue Abram,13015,Marseille,17 rue Abram
268 chemin de la Madrague,13015,Marseille,268 chemin de la Madrague
160 avenue de Saint-Louis,13015,Marseille,160 avenue de Saint-Louis
35 Boulevard Jean-Barbieri,13015,Marseille,35 Boulevard Jean-Barbieri
173 rue de Lyon,13015,Marseille,173 rue de Lyon
15 rue Abram,13015,Marseille,15 rue Abram
234 avenue Roger Salengro,13015,Marseille,234 avenue Roger Salengro
389 rue de Lyon,13015,Marseille,389 rue de Lyon
1 rue Edgar Quinet,13015,Marseille,1 rue Edgar Quinet
13 rue Joseph Bodo,13015,Marseille,13 rue Joseph Bodo
32 avenue Félix Zoccola / 1-3-5 rue Edgar Quinet,13015,Marseille,32 avenue Félix Zoccola
32 avenue Félix Zoccola / 1-3-5 rue Edgar Quinet,13015,Marseille,1-3-5 rue Edgar Quinet
34-36 avenue Félix Zoccola,13015,Marseille,34-36 avenue Félix Zoccola
38 avenue Félix Zoccola,13015,Marseille,38 avenue Félix Zoccola
140 rue de Lyon,13015,Marseille,140 rue de Lyon
91 boulevard Oddo,13015,Marseille,91 boulevard Oddo
97 boulevard Oddo,13015,Marseille,97 boulevard Oddo
6 traverse Bernabo,13015,Marseille,6 traverse Bernabo
315 rue de Lyon,13015,Marseille,315 rue de Lyon
270 avenue Roger Salengro,13015,Marseille,270 avenue Roger Salengro
27 chemin du Commandeur,13015,Marseille,27 chemin du Commandeur
2 chemin de la Butineuse,13015,Marseille,2 chemin de la Butineuse
10 rue Séraphin,13015,Marseille,10 rue Séraphin
365 rue de Lyon,13015,Marseille,365 rue de Lyon
548 chemin de la Madrague Ville,13015,Marseille,548 chemin de la Madrague Ville
18 rue Le Chatelier,13015,Marseille,18 rue Le Chatelier
4 chemin de la Martine : Parcelle n°215904 E0044 - Parcelle n°215904 E0045,13015,Marseille,4 chemin de la Martine : Parcelle n°215904 E0044 - Parcelle n°215904 E0045
102-104 rue de Lyon,13015,Marseille,102-104 rue de Lyon
2 rue Séraphin,13015,Marseille,2 rue Séraphin
5 rue Séraphin,13015,Marseille,5 rue Séraphin
223 avenue Roger Salengro,13015,Marseille,223 avenue Roger Salengro
225-227 avenue Roger Salengro,13015,Marseille,225-227 avenue Roger Salengro
232 avenue Roger Salengro,13015,Marseille,232 avenue Roger Salengro
179 avenue Roger Salengro,13015,Marseille,179 avenue Roger Salengro
25 rue Edgar Quinet,13015,Marseille,25 rue Edgar Quinet
239 chemin de la Pelouque,13016,Marseille,239 chemin de la Pelouque
15/16 rue de Séon,13016,Marseille,15/16 rue de Séon
6 place de l'église Saint André,13016,Marseille,6 place de l'église Saint André
6 traverse Ténériffe,13016,Marseille,6 traverse Ténériffe
49 traverse du Régali,13016,Marseille,49 traverse du Régali
29 boulevard Michel,13016,Marseille,29 boulevard Michel
130 avenue Corot - Bât A,13013,Marseille,130 avenue Corot - Bât A
15 boulevard Charpentier,13003,Marseille,15 boulevard Charpentier
90 boulevard Sainte Marguerite,13009,Marseille,90 boulevard Sainte Marguerite
Traverse Kaddouz - rue de la Maurelle,13013,Marseille,Traverse Kaddouz - rue de la Maurelle
13 rue de la Fare,13001,Marseille,13 rue de la Fare
18 rue Saint-Saëns,13001,Marseille,18 rue Saint-Saëns
5 rue Pisançon,13001,Marseille,5 rue Pisançon
81 rue de Curiol,13001,Marseille,81 rue de Curiol
83 rue Curiol,13001,Marseille,83 rue Curiol
76-84 rue Bernard du Bois,13001,Marseille,76-84 rue Bernard du Bois
79 au 85 / 92 au 98 rue Curiol,13001,Marseille,79 au 85 / 92 au 98 rue Curiol
31 rue Curiol,13001,Marseille,31 rue Curiol
31A rue Curiol,13001,Marseille,31A rue Curiol
14 boulevard Garibaldi,13001,Marseille,14 boulevard Garibaldi
41 rue d'Aubagne,13001,Marseille,41 rue d'Aubagne
26 place Jean Jaurès,13001,Marseille,26 place Jean Jaurès
3 rue Francis Davso,13001,Marseille,3 rue Francis Davso
62 rue Sénac de Meilhan,13001,Marseille,62 rue Sénac de Meilhan
61 rue Francis Davso,13001,Marseille,61 rue Francis Davso
80 rue nationale / 53 rue du petit saint-jean,13001,Marseille,80 rue nationale
80 rue nationale / 53 rue du petit saint-jean,13001,Marseille,53 rue du petit saint-jean
65 rue Francis Davso,13001,Marseille,65 rue Francis Davso
5 rue lemaitre,13001,Marseille,5 rue lemaitre
29 rue Chateauredon,13001,Marseille,29 rue Chateauredon
46 rue Caisserie (4ème et 5ème étages),13002,Marseille,46 rue Caisserie (4ème et 5ème étages)
2 boulevard des Dames,13002,Marseille,2 boulevard des Dames
4 rue du Bon Pasteur,13002,Marseille,4 rue du Bon Pasteur
51 rue Pierre Albrand,13002,Marseille,51 rue Pierre Albrand
2 rue du Poirier,13002,Marseille,2 rue du Poirier
7 rue des Cartiers,13002,Marseille,7 rue des Cartiers
152 - 154/156 - 158 avenue Roger Salengro,13003,Marseille,152 - 154/156 - 158 avenue Roger Salengro
154/156 avenue Roger Salengro,13003,Marseille,154/156 avenue Roger Salengro
82 rue Hoche,13003,Marseille,82 rue Hoche
105 rue Kleber Prolongée,13003,Marseille,105 rue Kleber Prolongée
132/134 rue Loubon,13003,Marseille,132/134 rue Loubon
9 rue Bernard -(29/05/2019),13003,Marseille,9 rue Bernard -(29/05/2019)
9 rue Bernard (19/07/2019),13003,Marseille,9 rue Bernard (19/07/2019)
130 rue Roger Salengro,13003,Marseille,130 rue Roger Salengro
42-44 rue Barsotti,13003,Marseille,42-44 rue Barsotti
16 boulevard Battala,13003,Marseille,16 boulevard Battala
10/12 traverse Sainte Marie,13003,Marseille,10/12 traverse Sainte Marie
28 boulevard Leccia -(caves et terrasse à l'aplomb de l'immeuble),13003,Marseille,28 boulevard Leccia -(caves et terrasse à l'aplomb de l'immeuble)
36 rue d'Orange,13003,Marseille,36 rue d'Orange
17 & 26 rue Charvet,13003,Marseille,17 & 26 rue Charvet
119 boulevard National,13003,Marseille,119 boulevard National
27 rue Cavaignac,13003,Marseille,27 rue Cavaignac
69 rue Félix Pyat,13003,Marseille,69 rue Félix Pyat
8 rue Eugène Pottier / 5 rue Hoche,13003,Marseille,8 rue Eugène Pottier
8 rue Eugène Pottier / 5 rue Hoche,13003,Marseille,5 rue Hoche
64 traverse du Moulin de la Vilette,13003,Marseille,64 traverse du Moulin de la Vilette
35 rue Hoche,13003,Marseille,35 rue Hoche
14 rue Auphan,13003,Marseille,14 rue Auphan
11 rue Jean Cristofol,13003,Marseille,11 rue Jean Cristofol
45 rue Barbini,13003,Marseille,45 rue Barbini
117 rue Loubon,13003,Marseille,117 rue Loubon
161 avenue Camille Pelletan,13003,Marseille,161 avenue Camille Pelletan
5 rue du Pasteur Heuzé,13003,Marseille,5 rue du Pasteur Heuzé
8 rue Bernard,13003,Marseille,8 rue Bernard
108 avenue des Chartreux,13004,Marseille,108 avenue des Chartreux
72 rue des Trois Frères Carasso,13004,Marseille,72 rue des Trois Frères Carasso
28 rue Albe,13004,Marseille,28 rue Albe
12 rue Château du Murier,13005,Marseille,12 rue Château du Murier
1 boulevard Eugène Pierre (appartement 3e étage droit),13005,Marseille,1 boulevard Eugène Pierre (appartement 3e étage droit)
34-35 rue Fernand Pauriol,13005,Marseille,34-35 rue Fernand Pauriol
2 rue de Verdun,13005,Marseille,2 rue de Verdun
93 boulevard Baille,13005,Marseille,93 boulevard Baille
59-61 place Jean Jaurès,13006,Marseille,59-61 place Jean Jaurès
7 rue Poggioli,13006,Marseille,7 rue Poggioli
15 rue de la Loubière,13006,Marseille,15 rue de la Loubière
99 rue de Tilsit,13006,Marseille,99 rue de Tilsit
51 rue Fongate,13006,Marseille,51 rue Fongate
7 rue Albert Chabanon,13006,Marseille,7 rue Albert Chabanon
22 place Notre Dame du Mont,13006,Marseille,22 place Notre Dame du Mont
14 boulevard Salvator,13006,Marseille,14 boulevard Salvator
29 rue Edmond rostand,13006,Marseille,29 rue Edmond rostand
11 place Castellane et 2 boulevard Baille,13006,Marseille,11 place Castellane et 2 boulevard Baille
61 rue d'Endoume / 1/3 rue Marignan,13007,Marseille,61 rue d'Endoume
61 rue d'Endoume / 1/3 rue Marignan,13007,Marseille,1/3 rue Marignan
22 rue des Lices,13007,Marseille,22 rue des Lices
29 rue Alleman,13007,Marseille,29 rue Alleman
366 avenue du Prado,13008,Marseille,366 avenue du Prado
13 rue George Picot,13010,Marseille,13 rue George Picot
72 boulevard Saint-Loup,13010,Marseille,72 boulevard Saint-Loup
1 impassse Sylvestre,13012,Marseille,1 impassse Sylvestre
4/6 rue Saint Georges,13013,Marseille,4/6 rue Saint Georges
8 rue des Brus,13013,Marseille,8 rue des Brus
43 traverse de Bon Secours,13014,Marseille,43 traverse de Bon Secours
"232, 234 et 236 avenue Roger SALENGRO",13015,Marseille,"232, 234 et 236 avenue Roger SALENGRO"
130 chemin de la Madrague Ville (extrémité et annexes côté est du bâtiment principal du Marché aux Puces),13015,Marseille,130 chemin de la Madrague Ville (extrémité et annexes côté est du bâtiment principal du Marché aux Puces)
26 boulevard Oddo,13015,Marseille,26 boulevard Oddo
82 boulevard Oddo,13015,Marseille,82 boulevard Oddo
39 chemin de la petite malette,13015,Marseille,39 chemin de la petite malette
43 chemin de la petite malette,13015,Marseille,43 chemin de la petite malette
Parking Oddo,13015,Marseille,Parking Oddo
Parking Puces Oddo,13015,Marseille,Parking Puces Oddo
223-225-227 avenue Roger Salengro,13015,Marseille,223-225-227 avenue Roger Salengro
rue d'Aubagne et rue Jean Roque,,Marseille,rue d'Aubagne et rue Jean Roque
rue d'Aubagne,,Marseille,rue d'Aubagne
rue d'Aubagne et rue Jean Roque,13001,Marseille,rue d'Aubagne et rue Jean Roque
rue Saint-Cassien et Boulevard Louis de Grasse,13002,Marseille,rue Saint-Cassien et Boulevard Louis de Grasse
20 rue de l'Académie,13001,Marseille,20 rue de l'Académie
54 rue d'Italie,13006,Marseille,54 rue d'Italie
"rue Curiol (N°79, 81, 85, 92, 94, 96, 98 et 100) et place Jean Jaurès (n°24 et 26)",,Marseille,"rue Curiol (N°79, 81, 85, 92, 94, 96, 98 et 100) et place Jean Jaurès (n°24 et 26)"
46 rue du tapis vert,13001,Marseille,46 rue du tapis vert
Immeubles 13 RUE DE LA FARE - 20 RUE DES PETITES MARIES - et des commerces 8 À 12 RUE DE LA FARE,13001,Marseille,Immeubles 13 RUE DE LA FARE - 20 RUE DES PETITES MARIES - et des commerces 8 À 12 RUE DE LA FARE
28 rue des Phocéens,13002,Marseille,28 rue des Phocéens
Ecole Cours Julien,,Marseille,Ecole Cours Julien
8 impasse Croix de Regnier,13004,Marseille,8 impasse Croix de Regnier
"Rue d'Aubagne, rue Jean Roque et cours Lieutaud -- Arreté du 25/07/2019",13001,Marseille,"Rue d'Aubagne, rue Jean Roque et cours Lieutaud -- Arreté du 25/07/2019"
79 au 85 / 92 au 98 rue Curiol et 26 Place Jean Jaurès,13001,Marseille,79 au 85 / 92 au 98 rue Curiol et 26 Place Jean Jaurès
79 au 85 / 92 au 100 rue Curiol et 26 Place Jean Jaurès,13001,Marseille,79 au 85 / 92 au 100 rue Curiol et 26 Place Jean Jaurès
301 vc du président John F. Kennedy,13007,Marseille,301 vc du président John F. Kennedy
4 rue Eugène Potier,13003,Marseille,4 rue Eugène Potier
Rue Curiol / Place Jean Jaurès,13001,Marseille,Rue Curiol / Place Jean Jaurès
Rue Charvet,13003,Marseille,Rue Charvet
102 boulevard de Plombières/2-4 rue des Frères Cubeddu,,Marseille,102 boulevard de Plombières
102 boulevard de Plombières/2-4 rue des Frères Cubeddu,,Marseille,2-4 rue des Frères Cubeddu
Passage 94/96 rue d'Endoume,13007,Marseille,Passage 94/96 rue d'Endoume
41/43 rue de la Palud,13001,Marseille,41/43 rue de la Palud
33 avenue de Montolivet,13004,Marseille,33 avenue de Montolivet
93 rue Le Pelletier,13016,Marseille,93 rue Le Pelletier
105-107-109 rue Kléber Prolongée / 82-84-86-88 rue Hoche,13003,Marseille,105-107-109 rue Kléber Prolongée
105-107-109 rue Kléber Prolongée / 82-84-86-88 rue Hoche,13003,Marseille,82-84-86-88 rue Hoche
"9, 11, 13 et 15 rue de la Joliette",13002,Marseille,"9, 11, 13 et 15 rue de la Joliette"
"69, 71 rue d'Aubagne",13001,Marseille,"69, 71 rue d'Aubagne"
19 fond de la traverse Picasso / 8 impasse Lieutaud,13016,Marseille,19 fond de la traverse Picasso
19 fond de la traverse Picasso / 8 impasse Lieutaud,13016,Marseille,8 impasse Lieutaud
